target,fault,requirement,run,phase_ms,reaction_ms,limit_ms,met
sil,command_timeout,SAFE-01,1,9,51,60,1
sil,command_timeout,SAFE-01,2,1,51,60,1
sil,command_timeout,SAFE-01,3,14,51,60,1
sil,command_timeout,SAFE-01,4,7,51,60,1
sil,command_timeout,SAFE-01,5,4,51,60,1
sil,command_timeout,SAFE-01,6,8,51,60,1
sil,command_timeout,SAFE-01,7,2,51,60,1
sil,command_timeout,SAFE-01,8,6,51,60,1
sil,command_timeout,SAFE-01,9,9,51,60,1
sil,command_timeout,SAFE-01,10,6,51,60,1
sil,command_timeout,SAFE-01,11,13,51,60,1
sil,command_timeout,SAFE-01,12,3,51,60,1
sil,command_timeout,SAFE-01,13,18,51,60,1
sil,command_timeout,SAFE-01,14,14,51,60,1
sil,command_timeout,SAFE-01,15,0,51,60,1
sil,command_timeout,SAFE-01,16,12,51,60,1
sil,command_timeout,SAFE-01,17,11,51,60,1
sil,command_timeout,SAFE-01,18,7,51,60,1
sil,command_timeout,SAFE-01,19,7,51,60,1
sil,command_timeout,SAFE-01,20,9,51,60,1
sil,command_timeout,SAFE-01,21,14,51,60,1
sil,command_timeout,SAFE-01,22,1,51,60,1
sil,command_timeout,SAFE-01,23,6,51,60,1
sil,command_timeout,SAFE-01,24,2,51,60,1
sil,command_timeout,SAFE-01,25,17,51,60,1
sil,command_timeout,SAFE-01,26,9,51,60,1
sil,command_timeout,SAFE-01,27,12,51,60,1
sil,command_timeout,SAFE-01,28,15,51,60,1
sil,command_timeout,SAFE-01,29,14,51,60,1
sil,command_timeout,SAFE-01,30,14,51,60,1
sil,command_crc,SAFE-02,1,1,20,50,1
sil,command_crc,SAFE-02,2,0,20,50,1
sil,command_crc,SAFE-02,3,11,20,50,1
sil,command_crc,SAFE-02,4,2,20,50,1
sil,command_crc,SAFE-02,5,15,20,50,1
sil,command_crc,SAFE-02,6,2,20,50,1
sil,command_crc,SAFE-02,7,10,20,50,1
sil,command_crc,SAFE-02,8,18,20,50,1
sil,command_crc,SAFE-02,9,16,20,50,1
sil,command_crc,SAFE-02,10,19,20,50,1
sil,command_crc,SAFE-02,11,2,20,50,1
sil,command_crc,SAFE-02,12,10,20,50,1
sil,command_crc,SAFE-02,13,4,20,50,1
sil,command_crc,SAFE-02,14,11,20,50,1
sil,command_crc,SAFE-02,15,1,20,50,1
sil,command_crc,SAFE-02,16,2,20,50,1
sil,command_crc,SAFE-02,17,3,20,50,1
sil,command_crc,SAFE-02,18,9,20,50,1
sil,command_crc,SAFE-02,19,6,20,50,1
sil,command_crc,SAFE-02,20,8,20,50,1
sil,command_crc,SAFE-02,21,5,20,50,1
sil,command_crc,SAFE-02,22,2,20,50,1
sil,command_crc,SAFE-02,23,8,20,50,1
sil,command_crc,SAFE-02,24,0,20,50,1
sil,command_crc,SAFE-02,25,6,20,50,1
sil,command_crc,SAFE-02,26,3,20,50,1
sil,command_crc,SAFE-02,27,0,20,50,1
sil,command_crc,SAFE-02,28,16,20,50,1
sil,command_crc,SAFE-02,29,13,20,50,1
sil,command_crc,SAFE-02,30,0,20,50,1
sil,command_range,SAFE-04,1,2,20,50,1
sil,command_range,SAFE-04,2,16,20,50,1
sil,command_range,SAFE-04,3,2,20,50,1
sil,command_range,SAFE-04,4,13,20,50,1
sil,command_range,SAFE-04,5,3,20,50,1
sil,command_range,SAFE-04,6,1,20,50,1
sil,command_range,SAFE-04,7,13,20,50,1
sil,command_range,SAFE-04,8,4,20,50,1
sil,command_range,SAFE-04,9,5,20,50,1
sil,command_range,SAFE-04,10,10,20,50,1
sil,command_range,SAFE-04,11,13,20,50,1
sil,command_range,SAFE-04,12,2,20,50,1
sil,command_range,SAFE-04,13,9,20,50,1
sil,command_range,SAFE-04,14,9,20,50,1
sil,command_range,SAFE-04,15,11,20,50,1
sil,command_range,SAFE-04,16,3,20,50,1
sil,command_range,SAFE-04,17,18,20,50,1
sil,command_range,SAFE-04,18,11,20,50,1
sil,command_range,SAFE-04,19,1,20,50,1
sil,command_range,SAFE-04,20,7,20,50,1
sil,command_range,SAFE-04,21,6,20,50,1
sil,command_range,SAFE-04,22,14,20,50,1
sil,command_range,SAFE-04,23,9,20,50,1
sil,command_range,SAFE-04,24,8,20,50,1
sil,command_range,SAFE-04,25,4,20,50,1
sil,command_range,SAFE-04,26,0,20,50,1
sil,command_range,SAFE-04,27,7,20,50,1
sil,command_range,SAFE-04,28,17,20,50,1
sil,command_range,SAFE-04,29,3,20,50,1
sil,command_range,SAFE-04,30,8,20,50,1
sil,cpu_halt,SAFE-07,1,0,110,500,1
sil,cpu_halt,SAFE-07,2,14,104,500,1
sil,cpu_halt,SAFE-07,3,8,108,500,1
sil,cpu_halt,SAFE-07,4,16,106,500,1
sil,cpu_halt,SAFE-07,5,7,107,500,1
sil,cpu_halt,SAFE-07,6,19,109,500,1
sil,cpu_halt,SAFE-07,7,10,110,500,1
sil,cpu_halt,SAFE-07,8,3,103,500,1
sil,cpu_halt,SAFE-07,9,17,107,500,1
sil,cpu_halt,SAFE-07,10,9,109,500,1
sil,cpu_halt,SAFE-07,11,9,109,500,1
sil,cpu_halt,SAFE-07,12,19,109,500,1
sil,cpu_halt,SAFE-07,13,1,111,500,1
sil,cpu_halt,SAFE-07,14,9,109,500,1
sil,cpu_halt,SAFE-07,15,1,111,500,1
sil,cpu_halt,SAFE-07,16,16,106,500,1
sil,cpu_halt,SAFE-07,17,2,102,500,1
sil,cpu_halt,SAFE-07,18,1,111,500,1
sil,cpu_halt,SAFE-07,19,11,111,500,1
sil,cpu_halt,SAFE-07,20,3,103,500,1
sil,cpu_halt,SAFE-07,21,0,110,500,1
sil,cpu_halt,SAFE-07,22,14,104,500,1
sil,cpu_halt,SAFE-07,23,2,102,500,1
sil,cpu_halt,SAFE-07,24,13,103,500,1
sil,cpu_halt,SAFE-07,25,15,105,500,1
sil,cpu_halt,SAFE-07,26,6,106,500,1
sil,cpu_halt,SAFE-07,27,11,111,500,1
sil,cpu_halt,SAFE-07,28,4,104,500,1
sil,cpu_halt,SAFE-07,29,8,108,500,1
sil,cpu_halt,SAFE-07,30,6,106,500,1
